user_id,user_name,country,signup_date
1,user_1,USA,2023-08-25
2,user_2,India,2023-06-26
3,user_3,USA,2023-04-27
4,user_4,USA,2023-12-31
5,user_5,Canada,2023-05-25
6,user_6,UK,2023-10-12
7,user_7,Canada,2023-05-05
8,user_8,Canada,2023-02-04
9,user_9,UK,2023-09-13
10,user_10,Canada,2023-07-12
11,user_11,Canada,2023-12-22
12,user_12,USA,2023-10-30
13,user_13,Canada,2023-09-17
14,user_14,UK,2023-10-18
15,user_15,India,2023-06-04
16,user_16,Canada,2023-10-18
17,user_17,Canada,2023-02-22
18,user_18,Canada,2023-12-27
19,user_19,USA,2023-10-14
20,user_20,UK,2023-08-14
21,user_21,USA,2023-03-16
22,user_22,Canada,2023-12-24
23,user_23,Canada,2023-10-31
24,user_24,Canada,2023-03-30
25,user_25,Canada,2023-03-01
26,user_26,USA,2023-07-18
27,user_27,Canada,2023-08-05
28,user_28,UK,2023-01-06
29,user_29,UK,2023-03-02
30,user_30,Canada,2023-08-01
31,user_31,India,2023-12-17
32,user_32,India,2023-09-09
33,user_33,India,2023-06-12
34,user_34,Canada,2023-05-17
35,user_35,India,2023-05-08
36,user_36,UK,2023-03-28
37,user_37,USA,2023-09-14
38,user_38,UK,2023-01-09
39,user_39,Canada,2023-06-20
40,user_40,UK,2023-09-06
41,user_41,UK,2023-07-31
42,user_42,India,2023-02-14
43,user_43,USA,2023-03-21
44,user_44,USA,2023-02-09
45,user_45,India,2023-05-27
46,user_46,Canada,2023-04-23
47,user_47,UK,2023-02-20
48,user_48,USA,2023-07-10
49,user_49,Canada,2023-07-11
50,user_50,Canada,2023-12-16
51,user_51,India,2023-06-02
52,user_52,UK,2023-06-14
53,user_53,USA,2023-01-10
54,user_54,India,2023-01-15
55,user_55,UK,2023-12-20
56,user_56,Canada,2023-11-07
57,user_57,India,2023-01-11
58,user_58,Canada,2023-10-05
59,user_59,Canada,2023-03-02
60,user_60,Canada,2023-04-17
61,user_61,Canada,2023-01-28
62,user_62,UK,2023-05-04
63,user_63,UK,2023-07-16
64,user_64,India,2023-11-11
65,user_65,USA,2023-07-07
66,user_66,Canada,2023-04-07
67,user_67,Canada,2023-05-11
68,user_68,USA,2023-07-31
69,user_69,USA,2023-01-24
70,user_70,Canada,2023-03-18
71,user_71,Canada,2023-01-15
72,user_72,UK,2023-09-10
73,user_73,UK,2023-06-02
74,user_74,India,2023-07-11
75,user_75,USA,2023-10-06
76,user_76,USA,2023-10-19
77,user_77,Canada,2023-03-07
78,user_78,India,2023-12-11
79,user_79,India,2023-05-06
80,user_80,USA,2023-05-04
81,user_81,Canada,2023-09-05
82,user_82,UK,2023-03-16
83,user_83,India,2023-02-19
84,user_84,Canada,2023-01-17
85,user_85,USA,2023-05-21
86,user_86,India,2023-01-29
87,user_87,UK,2023-02-24
88,user_88,Canada,2023-07-06
89,user_89,India,2023-10-05
90,user_90,UK,2023-11-03
91,user_91,UK,2023-02-11
92,user_92,USA,2023-05-17
93,user_93,Canada,2023-08-09
94,user_94,USA,2023-07-27
95,user_95,USA,2023-05-17
96,user_96,India,2023-12-18
97,user_97,USA,2023-07-20
98,user_98,USA,2023-04-15
99,user_99,India,2023-04-13
100,user_100,India,2023-06-10
101,user_101,Canada,2023-06-11
102,user_102,Canada,2023-05-14
103,user_103,UK,2023-07-02
104,user_104,UK,2023-07-17
105,user_105,Canada,2023-11-15
106,user_106,Canada,2023-04-12
107,user_107,India,2023-11-07
108,user_108,UK,2023-05-12
109,user_109,India,2023-10-21
110,user_110,USA,2023-07-13
111,user_111,Canada,2023-08-13
112,user_112,USA,2023-06-29
113,user_113,USA,2023-09-25
114,user_114,Canada,2023-04-07
115,user_115,Canada,2023-07-11
116,user_116,Canada,2023-08-05
117,user_117,Canada,2023-11-14
118,user_118,UK,2023-09-23
119,user_119,India,2023-03-23
120,user_120,UK,2023-12-26
121,user_121,India,2023-11-03
122,user_122,India,2023-06-15
123,user_123,Canada,2023-03-02
124,user_124,India,2023-11-07
125,user_125,Canada,2023-03-27
126,user_126,USA,2023-04-06
127,user_127,Canada,2023-06-10
128,user_128,India,2023-04-07
129,user_129,Canada,2023-08-14
130,user_130,USA,2023-03-02
131,user_131,India,2023-02-22
132,user_132,USA,2023-08-01
133,user_133,USA,2023-04-13
134,user_134,Canada,2023-11-01
135,user_135,USA,2023-08-29
136,user_136,Canada,2023-09-03
137,user_137,UK,2023-02-21
138,user_138,Canada,2023-12-12
139,user_139,India,2023-02-01
140,user_140,Canada,2023-09-01
141,user_141,Canada,2023-04-01
142,user_142,Canada,2023-01-16
143,user_143,India,2023-07-05
144,user_144,India,2023-12-04
145,user_145,UK,2023-11-10
146,user_146,India,2023-12-27
147,user_147,USA,2023-06-25
148,user_148,UK,2023-08-30
149,user_149,USA,2023-09-30
150,user_150,India,2023-09-20
151,user_151,UK,2023-08-18
152,user_152,UK,2023-06-10
153,user_153,Canada,2023-03-25
154,user_154,USA,2023-09-13
155,user_155,UK,2023-11-28
156,user_156,India,2023-02-08
157,user_157,Canada,2023-11-11
158,user_158,Canada,2023-09-12
159,user_159,UK,2023-11-21
160,user_160,USA,2023-01-16
161,user_161,India,2023-03-06
162,user_162,Canada,2023-07-11
163,user_163,USA,2023-12-01
164,user_164,UK,2023-07-21
165,user_165,UK,2023-07-29
166,user_166,USA,2024-01-01
167,user_167,India,2023-12-01
168,user_168,India,2023-12-11
169,user_169,Canada,2023-10-13
170,user_170,UK,2023-09-14
171,user_171,India,2023-03-22
172,user_172,India,2023-09-05
173,user_173,India,2023-06-15
174,user_174,Canada,2023-09-06
175,user_175,UK,2023-07-22
176,user_176,USA,2023-11-25
177,user_177,USA,2023-03-31
178,user_178,India,2023-03-19
179,user_179,India,2023-10-07
180,user_180,Canada,2023-06-27
181,user_181,UK,2023-11-23
182,user_182,UK,2023-08-27
183,user_183,India,2023-04-06
184,user_184,USA,2023-04-07
185,user_185,USA,2023-09-20
186,user_186,USA,2023-07-15
187,user_187,UK,2023-03-29
188,user_188,India,2023-12-28
189,user_189,India,2023-04-14
190,user_190,Canada,2023-07-08
191,user_191,UK,2023-02-24
192,user_192,Canada,2023-05-04
193,user_193,USA,2023-11-24
194,user_194,Canada,2023-04-26
195,user_195,Canada,2023-09-08
196,user_196,India,2023-06-04
197,user_197,UK,2023-04-30
198,user_198,India,2023-02-08
199,user_199,USA,2023-08-18
200,user_200,USA,2023-07-12
